{
  "n_cases": 29,
  "mu": 3.0049438531302766,
  "sigma": 0.2860905804535362,
  "median": 20.1850827349597,
  "iqr_low": 16.64281661815309,
  "iqr_high": 24.481286693549045,
  "mean": 21.028270848381393
}