{
  "n": 44,
  "mean": 0.9318181818181818,
  "R0": 0.9318181756252208,
  "k": 0.2768235293477548,
  "p_zero": 0.6649772089420267,
  "p_one": 0.14191992197272496,
  "histogram": [
    29,
    8,
    2,
    1,
    1,
    1,
    0,
    1,
    0,
    0,
    1
  ],
  "village_a_offspring": [
    7,
    2,
    0,
    3,
    0,
    0,
    0,
    1,
    0,
    0,
    0,
    0,
    0,
    0
  ],
  "village_b_offspring": [
    5,
    4,
    0,
    1,
    1,
    1,
    0,
    0,
    10,
    2,
    0,
    1,
    1,
    0,
    0,
    0,
    0,
    0,
    1,
    0,
    0,
    0,
    0,
    0,
    0,
    0,
    1,
    0,
    0,
    0
  ]
}