{
  "n_pairs": 13,
  "mean_si": 26.53846153846154,
  "sd_si": 8.510928118360384,
  "method": "A_deconvolution",
  "gt_shape": 704.2899408284025,
  "gt_scale": 0.03768115942028985,
  "gt_mean": 26.538461538461537,
  "gt_sd": 0.9999999999999999,
  "presymp_fraction": 0.171955,
  "presymp_fraction_methodA": 0.171955,
  "presymp_fraction_methodB": 0.30814
}